run,sample_index,current_ua,voltage_uv,battery_status,power_mw
1,1,-121250,4108125,Not charging,498.11
1,2,-79375,4109531,Not charging,326.19
1,3,-118437,4106718,Not charging,486.39
1,4,-104062,4108125,Not charging,427.5
1,5,-92812,4109531,Not charging,381.41
1,6,-102812,4109843,Not charging,422.54
1,7,-83437,4108593,Not charging,342.81
1,8,-80312,4108593,Not charging,329.97
1,9,-99687,4103125,Not charging,409.03
1,10,-92500,4110156,Not charging,380.19
1,11,-100937,4108593,Not charging,414.71
1,12,-87500,4108125,Not charging,359.46
1,13,-140937,4107343,Not charging,578.88
1,14,-113125,4107656,Not charging,464.68
1,15,-115312,4109218,Not charging,473.84
1,16,-89687,4109687,Not charging,368.59
1,17,-82500,4111562,Not charging,339.2
1,18,-94687,4109687,Not charging,389.13
1,19,-218750,4101875,Not charging,897.29
1,20,-86562,4110156,Not charging,355.78
1,21,-81562,4109531,Not charging,335.18
1,22,-96875,4110937,Not charging,398.25
1,23,-113125,4110156,Not charging,464.96
1,24,-126562,4107812,Not charging,519.89
1,25,-91562,4111406,Not charging,376.45
1,26,-100000,4109687,Not charging,410.97
1,27,-127500,4107812,Not charging,523.75
1,28,-211562,4105468,Not charging,868.56
1,29,-95937,4108750,Not charging,394.18
1,30,-87500,4110312,Not charging,359.65
1,31,-88750,4109843,Not charging,364.75
1,32,-104062,4111406,Not charging,427.84
1,33,-123437,4109687,Not charging,507.29
1,34,-151875,4107656,Not charging,623.85
1,35,-375000,4082187,Not charging,1530.82
1,36,-80312,4109843,Not charging,330.07
1,37,-96875,4110312,Not charging,398.19
1,38,-96875,4110156,Not charging,398.17
1,39,-101875,4107812,Not charging,418.48
1,40,-95625,4110468,Not charging,393.06
1,41,-82500,4110625,Not charging,339.13
1,42,-114062,4109218,Not charging,468.71
1,43,-100937,4108750,Not charging,414.72
1,44,-129687,4095937,Not charging,531.19
1,45,-86562,4110468,Not charging,355.81
1,46,-86562,4111406,Not charging,355.89
1,47,-97812,4110625,Not charging,402.07
1,48,-87500,4110937,Not charging,359.71
1,49,-93750,4110781,Not charging,385.39
1,50,-80625,4110468,Not charging,331.41
1,51,-77187,4110937,Not charging,317.31
1,52,-93750,4110156,Not charging,385.33
1,53,-80312,4108750,Not charging,329.98
1,54,-102812,4110781,Not charging,422.64
1,55,-77500,4112343,Not charging,318.71
1,56,-104062,4109687,Not charging,427.66
1,57,-105937,4110312,Not charging,435.43
1,58,-79375,4110625,Not charging,326.28
1,59,-100937,4111250,Not charging,414.98
1,60,-110000,4109843,Not charging,452.08
2,1,-134687,4106093,Not charging,553.04
2,2,-176562,4103906,Not charging,724.59
2,3,-82500,4109375,Not charging,339.02
2,4,-82500,4109218,Not charging,339.01
2,5,-92812,4109687,Not charging,381.43
2,6,-105000,4106250,Not charging,431.16
2,7,-81250,4109531,Not charging,333.9
2,8,-97812,4109218,Not charging,401.93
2,9,-89687,4109218,Not charging,368.54
2,10,-84375,4110937,Not charging,346.86
2,11,-109062,4108125,Not charging,448.04
2,12,-93750,4108750,Not charging,385.2
2,13,-77500,4109375,Not charging,318.48
2,14,-135625,4105156,Not charging,556.76
2,15,-194062,4102968,Not charging,796.23
2,16,-110937,4108281,Not charging,455.76
2,17,-70000,4101406,Not charging,287.1
2,18,-90625,4109218,Not charging,372.4
2,19,-82500,4110937,Not charging,339.15
2,20,-77500,4110156,Not charging,318.54
2,21,-103125,4109843,Not charging,423.83
2,22,-101875,4109375,Not charging,418.64
2,23,-94687,4108281,Not charging,389.0
2,24,-79375,4110468,Not charging,326.27
2,25,-91875,4109687,Not charging,377.58
2,26,-88750,4110156,Not charging,364.78
2,27,-87500,4108906,Not charging,359.53
2,28,-85625,4111250,Not charging,352.03
2,29,-123437,4107656,Not charging,507.04
2,30,-77187,4100156,Not charging,316.48
2,31,-94687,4110625,Not charging,389.22
2,32,-92812,4109843,Not charging,381.44
2,33,-92500,4109843,Not charging,380.16
2,34,-81562,4110156,Not charging,335.23
2,35,-104062,4110468,Not charging,427.74
2,36,-81562,4110468,Not charging,335.26
2,37,-70000,4109687,Not charging,287.68
2,38,-91562,4110625,Not charging,376.38
2,39,-82500,4108593,Not charging,338.96
2,40,-81562,4109843,Not charging,335.21
2,41,-71250,4109843,Not charging,292.83
2,42,-98750,4110937,Not charging,405.96
2,43,-84375,4111875,Not charging,346.94
2,44,-78437,4109375,Not charging,322.33
2,45,-73125,4110625,Not charging,300.59
2,46,-95937,4110781,Not charging,394.38
2,47,-100000,4109687,Not charging,410.97
2,48,-85625,4110937,Not charging,352.0
2,49,-93750,4109843,Not charging,385.3
2,50,-105000,4107343,Not charging,431.27
2,51,-78437,4109687,Not charging,322.35
2,52,-121250,4108125,Not charging,498.11
2,53,-300312,4101406,Not charging,1231.7
2,54,-77500,4110468,Not charging,318.56
2,55,-79375,4110156,Not charging,326.24
2,56,-84375,4108437,Not charging,346.65
2,57,-78437,4111562,Not charging,322.5
2,58,-89687,4111718,Not charging,368.77
2,59,-76250,4110781,Not charging,313.45
2,60,-76250,4111406,Not charging,313.49
3,1,-199062,4097812,Not charging,815.72
3,2,-160000,4099375,Not charging,655.9
3,3,-176562,4097656,Not charging,723.49
3,4,-174375,4097656,Not charging,714.53
3,5,-147812,4098750,Not charging,605.84
3,6,-185625,4096718,Not charging,760.45
3,7,-160000,4098750,Not charging,655.8
3,8,-175625,4094687,Not charging,719.13
3,9,-196875,4096875,Not charging,806.57
3,10,-163125,4098125,Not charging,668.51
3,11,-174687,4098125,Not charging,715.89
3,12,-331875,4090000,Not charging,1357.37
3,13,-183750,4093906,Not charging,752.26
3,14,-203125,4096718,Not charging,832.15
3,15,-217500,4093750,Not charging,890.39
3,16,-156250,4097031,Not charging,640.16
3,17,-168125,4098906,Not charging,689.13
3,18,-159375,4099062,Not charging,653.29
3,19,-153125,4099218,Not charging,627.69
3,20,-161250,4098437,Not charging,660.87
3,21,-217500,4094687,Not charging,890.59
3,22,-156250,4087187,Not charging,638.62
3,23,-177500,4097187,Not charging,727.25
3,24,-163125,4099375,Not charging,668.71
3,25,-179687,4096718,Not charging,736.13
3,26,-177500,4098281,Not charging,727.44
3,27,-185937,4097187,Not charging,761.82
3,28,-217500,4093437,Not charging,890.32
3,29,-153125,4098750,Not charging,627.62
3,30,-158125,4100468,Not charging,648.39
3,31,-186875,4096562,Not charging,765.55
3,32,-184687,4097656,Not charging,756.78
3,33,-162187,4098125,Not charging,664.66
3,34,-182812,4099218,Not charging,749.39
3,35,-182500,4095156,Not charging,747.37
3,36,-181562,4095937,Not charging,743.67
3,37,-204375,4096250,Not charging,837.17
3,38,-182812,4095000,Not charging,748.62
3,39,-187812,4095781,Not charging,769.24
3,40,-182812,4096093,Not charging,748.81
3,41,-183750,4096718,Not charging,752.77
3,42,-165312,4098125,Not charging,677.47
3,43,-213437,4096093,Not charging,874.26
3,44,-192812,4094687,Not charging,789.5
3,45,-176562,4096718,Not charging,723.32
3,46,-201250,4095937,Not charging,824.31
3,47,-197187,4095625,Not charging,807.6
3,48,-179687,4086875,Not charging,734.36
3,49,-215625,4090781,Not charging,882.07
3,50,-197500,4094843,Not charging,808.73
3,51,-195000,4095156,Not charging,798.56
3,52,-186875,4094687,Not charging,765.19
3,53,-172500,4095781,Not charging,706.52
3,54,-180937,4098437,Not charging,741.56
3,55,-245937,4089843,Not charging,1005.84
3,56,-179687,4096250,Not charging,736.04
3,57,-184062,4095625,Not charging,753.85
3,58,-262500,4092812,Not charging,1074.36
3,59,-177812,4097968,Not charging,728.67
3,60,-210312,4094218,Not charging,861.06
4,1,-134687,4099218,Not charging,552.11
4,2,-79375,4103281,Not charging,325.7
4,3,-87500,4102968,Not charging,359.01
4,4,-88437,4103437,Not charging,362.9
4,5,-78437,4102968,Not charging,321.82
4,6,-69062,4102968,Not charging,283.36
4,7,-94687,4105625,Not charging,388.75
4,8,-106875,4102500,Not charging,438.45
4,9,-83437,4105781,Not charging,342.57
4,10,-74375,4105156,Not charging,305.32
4,11,-98750,4102812,Not charging,405.15
4,12,-78125,4105625,Not charging,320.75
4,13,-88437,4105000,Not charging,363.03
4,14,-100937,4103906,Not charging,414.24
4,15,-119375,4101562,Not charging,489.62
4,16,-70312,4103281,Not charging,288.51
4,17,-75312,4100312,Not charging,308.8
4,18,-69062,4104375,Not charging,283.46
4,19,-91562,4105000,Not charging,375.86
4,20,-87500,4106718,Not charging,359.34
4,21,-77500,4105156,Not charging,318.15
4,22,-80312,4104375,Not charging,329.63
4,23,-142812,4100312,Not charging,585.57
4,24,-87500,4104687,Not charging,359.16
4,25,-65000,4105468,Not charging,266.86
4,26,-105937,4089218,Not charging,433.2
4,27,-124375,4103281,Not charging,510.35
4,28,-95625,4103437,Not charging,392.39
4,29,-92812,4103906,Not charging,380.89
4,30,-94687,4103281,Not charging,388.53
4,31,-90625,4104375,Not charging,371.96
4,32,-124375,4104375,Not charging,510.48
4,33,-185937,4095468,Not charging,761.5
4,34,-95625,4105468,Not charging,392.59
4,35,-86562,4105468,Not charging,355.38
4,36,-135625,4101562,Not charging,556.27
4,37,-72187,4105156,Not charging,296.34
4,38,-81562,4104687,Not charging,334.79
4,39,-80312,4104687,Not charging,329.66
4,40,-105937,4103437,Not charging,434.71
4,41,-86562,4105468,Not charging,355.38
4,42,-97812,4105312,Not charging,401.55
4,43,-89687,4104531,Not charging,368.12
4,44,-75312,4105000,Not charging,309.16
4,45,-77500,4106250,Not charging,318.23
4,46,-178750,4097187,Not charging,732.37
4,47,-73125,4104375,Not charging,300.13
4,48,-86562,4105000,Not charging,355.34
4,49,-90625,4102343,Not charging,371.77
4,50,-73437,4105312,Not charging,301.48
4,51,-105937,4102968,Not charging,434.66
4,52,-105937,4103281,Not charging,434.69
4,53,-86562,4103593,Not charging,355.22
4,54,-83437,4106562,Not charging,342.64
4,55,-123437,4101562,Not charging,506.28
4,56,-81562,4104687,Not charging,334.79
4,57,-92500,4098125,Not charging,379.08
4,58,-94687,4105468,Not charging,388.73
4,59,-166562,4098437,Not charging,682.64
4,60,-76250,4106250,Not charging,313.1
5,1,-78437,4103906,Not charging,321.9
5,2,-217500,4089687,Not charging,889.51
5,3,-102812,4097656,Not charging,421.29
5,4,-94687,4102187,Not charging,388.42
5,5,-92812,4101250,Not charging,380.65
5,6,-100000,4100468,Not charging,410.05
5,7,-108125,4102187,Not charging,443.55
5,8,-97812,4101406,Not charging,401.17
5,9,-76250,4102343,Not charging,312.8
5,10,-143750,4100781,Not charging,589.49
5,11,-92812,4102500,Not charging,380.76
5,12,-101875,4101875,Not charging,417.88
5,13,-169375,4096093,Not charging,693.78
5,14,-77187,4100000,Not charging,316.47
5,15,-84375,4101875,Not charging,346.1
5,16,-140937,4095937,Not charging,577.27
5,17,-99687,4103281,Not charging,409.04
5,18,-117500,4098125,Not charging,481.53
5,19,-115312,4100781,Not charging,472.87
5,20,-87500,4102031,Not charging,358.93
5,21,-181875,4094687,Not charging,744.72
5,22,-90625,4101406,Not charging,371.69
5,23,-99687,4102500,Not charging,408.97
5,24,-96875,4101406,Not charging,397.32
5,25,-133750,4098437,Not charging,548.17
5,26,-99062,4100937,Not charging,406.25
5,27,-135625,4094687,Not charging,555.34
5,28,-93750,4102968,Not charging,384.65
5,29,-86562,4102187,Not charging,355.09
5,30,-101875,4102031,Not charging,417.89
5,31,-95625,4101093,Not charging,392.17
5,32,-162187,4098281,Not charging,664.69
5,33,-111250,4100781,Not charging,456.21
5,34,-96875,4101562,Not charging,397.34
5,35,-88750,4102812,Not charging,364.12
5,36,-123437,4101406,Not charging,506.27
5,37,-72187,4105156,Not charging,296.34
5,38,-89687,4103125,Not charging,368.0
5,39,-78437,4102031,Not charging,321.75
5,40,-81562,4101562,Not charging,334.53
5,41,-91562,4102500,Not charging,375.63
5,42,-83437,4102968,Not charging,342.34
5,43,-88750,4102187,Not charging,364.07
5,44,-94687,4101250,Not charging,388.34
5,45,-88750,4103125,Not charging,364.15
5,46,-96875,4102031,Not charging,397.38
5,47,-81250,4096562,Not charging,332.85
5,48,-85625,4102500,Not charging,351.28
5,49,-112187,4100156,Not charging,459.98
5,50,-123437,4100312,Not charging,506.13
5,51,-93750,4102968,Not charging,384.65
5,52,-83437,4102187,Not charging,342.27
5,53,-90625,4103906,Not charging,371.92
5,54,-96875,4103281,Not charging,397.51
5,55,-103125,4102343,Not charging,423.05
5,56,-79375,4102500,Not charging,325.64
5,57,-108125,4101406,Not charging,443.46
5,58,-74375,4102500,Not charging,305.12
5,59,-94687,4102031,Not charging,388.41
5,60,-134687,4099218,Not charging,552.11
6,1,-92500,4096718,Not charging,378.95
6,2,-82500,4101093,Not charging,338.34
6,3,-79375,4100781,Not charging,325.5
6,4,-77500,4101250,Not charging,317.85
6,5,-84375,4100468,Not charging,345.98
6,6,-82500,4100000,Not charging,338.25
6,7,-100937,4098437,Not charging,413.68
6,8,-73125,4099843,Not charging,299.8
6,9,-108125,4097656,Not charging,443.06
6,10,-115312,4099843,Not charging,472.76
6,11,-115000,4097343,Not charging,471.19
6,12,-97812,4100781,Not charging,401.11
6,13,-82500,4100937,Not charging,338.33
6,14,-92812,4098750,Not charging,380.41
6,15,-79375,4094218,Not charging,324.98
6,16,-232812,4096562,Not charging,953.73
6,17,-91562,4100937,Not charging,375.49
6,18,-91562,4099218,Not charging,375.33
6,19,-96875,4101250,Not charging,397.31
6,20,-95625,4100312,Not charging,392.09
6,21,-92500,4099218,Not charging,379.18
6,22,-76250,4100000,Not charging,312.62
6,23,-82500,4100781,Not charging,338.31
6,24,-100937,4091406,Not charging,412.97
6,25,-146875,4100312,Not charging,602.23
6,26,-105937,4100156,Not charging,434.36
6,27,-76250,4100312,Not charging,312.65
6,28,-92500,4099843,Not charging,379.24
6,29,-104062,4101406,Not charging,426.8
6,30,-77500,4100000,Not charging,317.75
6,31,-89687,4101875,Not charging,367.88
6,32,-81562,4101562,Not charging,334.53
6,33,-105937,4095781,Not charging,433.89
6,34,-89687,4101093,Not charging,367.81
6,35,-122500,4096875,Not charging,501.87
6,36,-83437,4099687,Not charging,342.07
6,37,-101875,4101250,Not charging,417.81
6,38,-122187,4098750,Not charging,500.81
6,39,-100000,4100156,Not charging,410.02
6,40,-74375,4099687,Not charging,304.91
6,41,-72187,4102187,Not charging,296.12
6,42,-89687,4100312,Not charging,367.74
6,43,-131562,4099375,Not charging,539.32
6,44,-138750,4098906,Not charging,568.72
6,45,-93750,4099843,Not charging,384.36
6,46,-88437,4101093,Not charging,362.69
6,47,-109062,4100000,Not charging,447.15
6,48,-84375,4101093,Not charging,346.03
6,49,-82500,4100468,Not charging,338.29
6,50,-104062,4100000,Not charging,426.65
6,51,-82500,4100468,Not charging,338.29
6,52,-82500,4101875,Not charging,338.4
6,53,-87500,4100156,Not charging,358.76
6,54,-79375,4100312,Not charging,325.46
6,55,-80312,4095781,Not charging,328.94
6,56,-87500,4100156,Not charging,358.76
6,57,-114062,4098906,Not charging,467.53
6,58,-106250,4099843,Not charging,435.61
6,59,-75312,4101093,Not charging,308.86
6,60,-98750,4099218,Not charging,404.8
