key,nodes,strategy,geo,round,seconds,coverage
10-no-coop-geo,10,no-coop,1,0,0,0.0278
10-no-coop-geo,10,no-coop,1,1,30,0.055
10-no-coop-geo,10,no-coop,1,2,60,0.082
10-no-coop-geo,10,no-coop,1,3,90,0.1102
10-no-coop-geo,10,no-coop,1,4,120,0.1388
10-no-coop-geo,10,no-coop,1,5,150,0.166
10-no-coop-geo,10,no-coop,1,6,180,0.195
10-no-coop-geo,10,no-coop,1,7,210,0.2222
10-no-coop-geo,10,no-coop,1,8,240,0.2498
10-no-coop-geo,10,no-coop,1,9,270,0.2766
10-no-coop-geo,10,no-coop,1,10,300,0.301
10-no-coop-geo,10,no-coop,1,11,330,0.3246
10-no-coop-geo,10,no-coop,1,12,360,0.3464
10-no-coop-geo,10,no-coop,1,13,390,0.3692
10-no-coop-geo,10,no-coop,1,14,420,0.3856
10-no-coop-geo,10,no-coop,1,15,450,0.4026
10-no-coop-geo,10,no-coop,1,16,480,0.42
10-no-coop-geo,10,no-coop,1,17,510,0.4384
10-no-coop-geo,10,no-coop,1,18,540,0.4548
10-no-coop-geo,10,no-coop,1,19,570,0.4688
10-no-coop-geo,10,no-coop,1,20,600,0.4836
10-no-coop-geo,10,no-coop,1,21,630,0.4972
10-no-coop-geo,10,no-coop,1,22,660,0.507
10-no-coop-geo,10,no-coop,1,23,690,0.5194
10-no-coop,10,no-coop,0,0,0,0.0292
10-no-coop,10,no-coop,0,1,30,0.057
10-no-coop,10,no-coop,0,2,60,0.082
10-no-coop,10,no-coop,0,3,90,0.1084
10-no-coop,10,no-coop,0,4,120,0.1348
10-no-coop,10,no-coop,0,5,150,0.1594
10-no-coop,10,no-coop,0,6,180,0.188
10-no-coop,10,no-coop,0,7,210,0.2144
10-no-coop,10,no-coop,0,8,240,0.243
10-no-coop,10,no-coop,0,9,270,0.2712
10-no-coop,10,no-coop,0,10,300,0.2978
10-no-coop,10,no-coop,0,11,330,0.3248
10-no-coop,10,no-coop,0,12,360,0.3502
10-no-coop,10,no-coop,0,13,390,0.3786
10-no-coop,10,no-coop,0,14,420,0.4074
10-no-coop,10,no-coop,0,15,450,0.4364
10-no-coop,10,no-coop,0,16,480,0.464
10-no-coop,10,no-coop,0,17,510,0.49
10-no-coop,10,no-coop,0,18,540,0.5158
10-no-coop,10,no-coop,0,19,570,0.542
10-no-coop,10,no-coop,0,20,600,0.5688
10-no-coop,10,no-coop,0,21,630,0.5928
10-no-coop,10,no-coop,0,22,660,0.6204
10-no-coop,10,no-coop,0,23,690,0.6496
10-rarest-first-geo,10,rarest-first,1,0,0,0.0078
10-rarest-first-geo,10,rarest-first,1,1,30,0.0262
10-rarest-first-geo,10,rarest-first,1,2,60,0.0454
10-rarest-first-geo,10,rarest-first,1,3,90,0.0536
10-rarest-first-geo,10,rarest-first,1,4,120,0.0686
10-rarest-first-geo,10,rarest-first,1,5,150,0.0952
10-rarest-first-geo,10,rarest-first,1,6,180,0.1826
10-rarest-first-geo,10,rarest-first,1,7,210,0.267
10-rarest-first-geo,10,rarest-first,1,8,240,0.344
10-rarest-first-geo,10,rarest-first,1,9,270,0.4096
10-rarest-first-geo,10,rarest-first,1,10,300,0.448
10-rarest-first-geo,10,rarest-first,1,11,330,0.4742
10-rarest-first-geo,10,rarest-first,1,12,360,0.5056
10-rarest-first-geo,10,rarest-first,1,13,390,0.5136
10-rarest-first-geo,10,rarest-first,1,14,420,0.5244
10-rarest-first-geo,10,rarest-first,1,15,450,0.5382
10-rarest-first-geo,10,rarest-first,1,16,480,0.5504
10-rarest-first-geo,10,rarest-first,1,17,510,0.5554
10-rarest-first-geo,10,rarest-first,1,18,540,0.5582
10-rarest-first-geo,10,rarest-first,1,19,570,0.5612
10-rarest-first-geo,10,rarest-first,1,20,600,0.572
10-rarest-first-geo,10,rarest-first,1,21,630,0.5854
10-rarest-first-geo,10,rarest-first,1,22,660,0.5916
10-rarest-first-geo,10,rarest-first,1,23,690,0.5916
10-rarest-first,10,rarest-first,0,0,0,0.012
10-rarest-first,10,rarest-first,0,1,30,0.0374
10-rarest-first,10,rarest-first,0,2,60,0.0662
10-rarest-first,10,rarest-first,0,3,90,0.0884
10-rarest-first,10,rarest-first,0,4,120,0.1132
10-rarest-first,10,rarest-first,0,5,150,0.1488
10-rarest-first,10,rarest-first,0,6,180,0.2436
10-rarest-first,10,rarest-first,0,7,210,0.3392
10-rarest-first,10,rarest-first,0,8,240,0.438
10-rarest-first,10,rarest-first,0,9,270,0.5476
10-rarest-first,10,rarest-first,0,10,300,0.6148
10-rarest-first,10,rarest-first,0,11,330,0.6706
10-rarest-first,10,rarest-first,0,12,360,0.7394
10-rarest-first,10,rarest-first,0,13,390,0.7938
10-rarest-first,10,rarest-first,0,14,420,0.8398
10-rarest-first,10,rarest-first,0,15,450,0.8652
10-rarest-first,10,rarest-first,0,16,480,0.8828
10-rarest-first,10,rarest-first,0,17,510,0.8998
10-rarest-first,10,rarest-first,0,18,540,0.9166
10-rarest-first,10,rarest-first,0,19,570,0.928
10-rarest-first,10,rarest-first,0,20,600,0.9424
10-rarest-first,10,rarest-first,0,21,630,0.96
10-rarest-first,10,rarest-first,0,22,660,0.9782
10-rarest-first,10,rarest-first,0,23,690,0.9878
10-replication-geo,10,replication,1,0,0,0.0078
10-replication-geo,10,replication,1,1,30,0.0262
10-replication-geo,10,replication,1,2,60,0.0454
10-replication-geo,10,replication,1,3,90,0.0536
10-replication-geo,10,replication,1,4,120,0.0682
10-replication-geo,10,replication,1,5,150,0.091
10-replication-geo,10,replication,1,6,180,0.1796
10-replication-geo,10,replication,1,7,210,0.2636
10-replication-geo,10,replication,1,8,240,0.3358
10-replication-geo,10,replication,1,9,270,0.398
10-replication-geo,10,replication,1,10,300,0.437
10-replication-geo,10,replication,1,11,330,0.4668
10-replication-geo,10,replication,1,12,360,0.505
10-replication-geo,10,replication,1,13,390,0.521
10-replication-geo,10,replication,1,14,420,0.5314
10-replication-geo,10,replication,1,15,450,0.5398
10-replication-geo,10,replication,1,16,480,0.5508
10-replication-geo,10,replication,1,17,510,0.5572
10-replication-geo,10,replication,1,18,540,0.5606
10-replication-geo,10,replication,1,19,570,0.5638
10-replication-geo,10,replication,1,20,600,0.5734
10-replication-geo,10,replication,1,21,630,0.5858
10-replication-geo,10,replication,1,22,660,0.5926
10-replication-geo,10,replication,1,23,690,0.5926
10-replication,10,replication,0,0,0,0.012
10-replication,10,replication,0,1,30,0.0366
10-replication,10,replication,0,2,60,0.0648
10-replication,10,replication,0,3,90,0.087
10-replication,10,replication,0,4,120,0.1118
10-replication,10,replication,0,5,150,0.1406
10-replication,10,replication,0,6,180,0.2362
10-replication,10,replication,0,7,210,0.3246
10-replication,10,replication,0,8,240,0.4194
10-replication,10,replication,0,9,270,0.505
10-replication,10,replication,0,10,300,0.5792
10-replication,10,replication,0,11,330,0.6458
10-replication,10,replication,0,12,360,0.705
10-replication,10,replication,0,13,390,0.763
10-replication,10,replication,0,14,420,0.8088
10-replication,10,replication,0,15,450,0.8422
10-replication,10,replication,0,16,480,0.8692
10-replication,10,replication,0,17,510,0.8928
10-replication,10,replication,0,18,540,0.9104
10-replication,10,replication,0,19,570,0.9246
10-replication,10,replication,0,20,600,0.9382
10-replication,10,replication,0,21,630,0.9528
10-replication,10,replication,0,22,660,0.966
10-replication,10,replication,0,23,690,0.9846
100-no-coop-geo,100,no-coop,1,0,0,0.0275
100-no-coop-geo,100,no-coop,1,1,30,0.0554
100-no-coop-geo,100,no-coop,1,2,60,0.0838
100-no-coop-geo,100,no-coop,1,3,90,0.1115
100-no-coop-geo,100,no-coop,1,4,120,0.1396
100-no-coop-geo,100,no-coop,1,5,150,0.166
100-no-coop-geo,100,no-coop,1,6,180,0.1939
100-no-coop-geo,100,no-coop,1,7,210,0.222
100-no-coop-geo,100,no-coop,1,8,240,0.2504
100-no-coop-geo,100,no-coop,1,9,270,0.277
100-no-coop-geo,100,no-coop,1,10,300,0.3016
100-no-coop-geo,100,no-coop,1,11,330,0.325
100-no-coop-geo,100,no-coop,1,12,360,0.3488
100-no-coop-geo,100,no-coop,1,13,390,0.37
100-no-coop-geo,100,no-coop,1,14,420,0.3898
100-no-coop-geo,100,no-coop,1,15,450,0.4071
100-no-coop-geo,100,no-coop,1,16,480,0.4245
100-no-coop-geo,100,no-coop,1,17,510,0.4427
100-no-coop-geo,100,no-coop,1,18,540,0.46
100-no-coop-geo,100,no-coop,1,19,570,0.4747
100-no-coop-geo,100,no-coop,1,20,600,0.4893
100-no-coop-geo,100,no-coop,1,21,630,0.5041
100-no-coop-geo,100,no-coop,1,22,660,0.5188
100-no-coop-geo,100,no-coop,1,23,690,0.5325
100-no-coop,100,no-coop,0,0,0,0.0276
100-no-coop,100,no-coop,0,1,30,0.0546
100-no-coop,100,no-coop,0,2,60,0.0817
100-no-coop,100,no-coop,0,3,90,0.1086
100-no-coop,100,no-coop,0,4,120,0.1354
100-no-coop,100,no-coop,0,5,150,0.1623
100-no-coop,100,no-coop,0,6,180,0.189
100-no-coop,100,no-coop,0,7,210,0.2167
100-no-coop,100,no-coop,0,8,240,0.2431
100-no-coop,100,no-coop,0,9,270,0.2693
100-no-coop,100,no-coop,0,10,300,0.2966
100-no-coop,100,no-coop,0,11,330,0.3241
100-no-coop,100,no-coop,0,12,360,0.3509
100-no-coop,100,no-coop,0,13,390,0.3783
100-no-coop,100,no-coop,0,14,420,0.4061
100-no-coop,100,no-coop,0,15,450,0.4334
100-no-coop,100,no-coop,0,16,480,0.46
100-no-coop,100,no-coop,0,17,510,0.4874
100-no-coop,100,no-coop,0,18,540,0.514
100-no-coop,100,no-coop,0,19,570,0.5412
100-no-coop,100,no-coop,0,20,600,0.5688
100-no-coop,100,no-coop,0,21,630,0.5963
100-no-coop,100,no-coop,0,22,660,0.6235
100-no-coop,100,no-coop,0,23,690,0.6514
100-rarest-first-geo,100,rarest-first,1,0,0,0.0186
100-rarest-first-geo,100,rarest-first,1,1,30,0.0645
100-rarest-first-geo,100,rarest-first,1,2,60,0.1464
100-rarest-first-geo,100,rarest-first,1,3,90,0.2286
100-rarest-first-geo,100,rarest-first,1,4,120,0.303
100-rarest-first-geo,100,rarest-first,1,5,150,0.3636
100-rarest-first-geo,100,rarest-first,1,6,180,0.4283
100-rarest-first-geo,100,rarest-first,1,7,210,0.48
100-rarest-first-geo,100,rarest-first,1,8,240,0.5235
100-rarest-first-geo,100,rarest-first,1,9,270,0.5487
100-rarest-first-geo,100,rarest-first,1,10,300,0.5702
100-rarest-first-geo,100,rarest-first,1,11,330,0.5915
100-rarest-first-geo,100,rarest-first,1,12,360,0.6078
100-rarest-first-geo,100,rarest-first,1,13,390,0.6123
100-rarest-first-geo,100,rarest-first,1,14,420,0.613
100-rarest-first-geo,100,rarest-first,1,15,450,0.6134
100-rarest-first-geo,100,rarest-first,1,16,480,0.6134
100-rarest-first-geo,100,rarest-first,1,17,510,0.6134
100-rarest-first-geo,100,rarest-first,1,18,540,0.6134
100-rarest-first-geo,100,rarest-first,1,19,570,0.6134
100-rarest-first-geo,100,rarest-first,1,20,600,0.6134
100-rarest-first-geo,100,rarest-first,1,21,630,0.6134
100-rarest-first-geo,100,rarest-first,1,22,660,0.6134
100-rarest-first-geo,100,rarest-first,1,23,690,0.6134
100-rarest-first,100,rarest-first,0,0,0,0.0219
100-rarest-first,100,rarest-first,0,1,30,0.0758
100-rarest-first,100,rarest-first,0,2,60,0.1685
100-rarest-first,100,rarest-first,0,3,90,0.2635
100-rarest-first,100,rarest-first,0,4,120,0.3592
100-rarest-first,100,rarest-first,0,5,150,0.4483
100-rarest-first,100,rarest-first,0,6,180,0.5435
100-rarest-first,100,rarest-first,0,7,210,0.6125
100-rarest-first,100,rarest-first,0,8,240,0.6872
100-rarest-first,100,rarest-first,0,9,270,0.7561
100-rarest-first,100,rarest-first,0,10,300,0.8101
100-rarest-first,100,rarest-first,0,11,330,0.8493
100-rarest-first,100,rarest-first,0,12,360,0.8886
100-rarest-first,100,rarest-first,0,13,390,0.9354
100-rarest-first,100,rarest-first,0,14,420,0.9703
100-rarest-first,100,rarest-first,0,15,450,0.9842
100-rarest-first,100,rarest-first,0,16,480,0.9909
100-rarest-first,100,rarest-first,0,17,510,0.994
100-rarest-first,100,rarest-first,0,18,540,0.9975
100-rarest-first,100,rarest-first,0,19,570,0.9992
100-rarest-first,100,rarest-first,0,20,600,1
100-rarest-first,100,rarest-first,0,21,630,1
100-rarest-first,100,rarest-first,0,22,660,1
100-rarest-first,100,rarest-first,0,23,690,1
100-replication-geo,100,replication,1,0,0,0.0186
100-replication-geo,100,replication,1,1,30,0.0646
100-replication-geo,100,replication,1,2,60,0.1385
100-replication-geo,100,replication,1,3,90,0.2054
100-replication-geo,100,replication,1,4,120,0.2708
100-replication-geo,100,replication,1,5,150,0.3261
100-replication-geo,100,replication,1,6,180,0.3959
100-replication-geo,100,replication,1,7,210,0.4481
100-replication-geo,100,replication,1,8,240,0.4951
100-replication-geo,100,replication,1,9,270,0.5263
100-replication-geo,100,replication,1,10,300,0.5514
100-replication-geo,100,replication,1,11,330,0.5687
100-replication-geo,100,replication,1,12,360,0.5852
100-replication-geo,100,replication,1,13,390,0.6011
100-replication-geo,100,replication,1,14,420,0.6089
100-replication-geo,100,replication,1,15,450,0.6121
100-replication-geo,100,replication,1,16,480,0.6134
100-replication-geo,100,replication,1,17,510,0.6134
100-replication-geo,100,replication,1,18,540,0.6134
100-replication-geo,100,replication,1,19,570,0.6134
100-replication-geo,100,replication,1,20,600,0.6134
100-replication-geo,100,replication,1,21,630,0.6134
100-replication-geo,100,replication,1,22,660,0.6134
100-replication-geo,100,replication,1,23,690,0.6134
100-replication,100,replication,0,0,0,0.0219
100-replication,100,replication,0,1,30,0.0753
100-replication,100,replication,0,2,60,0.1614
100-replication,100,replication,0,3,90,0.2417
100-replication,100,replication,0,4,120,0.315
100-replication,100,replication,0,5,150,0.3772
100-replication,100,replication,0,6,180,0.4773
100-replication,100,replication,0,7,210,0.5713
100-replication,100,replication,0,8,240,0.6374
100-replication,100,replication,0,9,270,0.7033
100-replication,100,replication,0,10,300,0.7711
100-replication,100,replication,0,11,330,0.8177
100-replication,100,replication,0,12,360,0.848
100-replication,100,replication,0,13,390,0.8829
100-replication,100,replication,0,14,420,0.9219
100-replication,100,replication,0,15,450,0.9551
100-replication,100,replication,0,16,480,0.9735
100-replication,100,replication,0,17,510,0.9837
100-replication,100,replication,0,18,540,0.9899
100-replication,100,replication,0,19,570,0.9943
100-replication,100,replication,0,20,600,0.9979
100-replication,100,replication,0,21,630,0.9991
100-replication,100,replication,0,22,660,1
100-replication,100,replication,0,23,690,1
20-no-coop-geo,20,no-coop,1,0,0,0.0276
20-no-coop-geo,20,no-coop,1,1,30,0.0537
20-no-coop-geo,20,no-coop,1,2,60,0.0822
20-no-coop-geo,20,no-coop,1,3,90,0.1079
20-no-coop-geo,20,no-coop,1,4,120,0.136
20-no-coop-geo,20,no-coop,1,5,150,0.162
20-no-coop-geo,20,no-coop,1,6,180,0.1912
20-no-coop-geo,20,no-coop,1,7,210,0.219
20-no-coop-geo,20,no-coop,1,8,240,0.2482
20-no-coop-geo,20,no-coop,1,9,270,0.2745
20-no-coop-geo,20,no-coop,1,10,300,0.2995
20-no-coop-geo,20,no-coop,1,11,330,0.3242
20-no-coop-geo,20,no-coop,1,12,360,0.3483
20-no-coop-geo,20,no-coop,1,13,390,0.369
20-no-coop-geo,20,no-coop,1,14,420,0.3897
20-no-coop-geo,20,no-coop,1,15,450,0.4078
20-no-coop-geo,20,no-coop,1,16,480,0.4261
20-no-coop-geo,20,no-coop,1,17,510,0.4439
20-no-coop-geo,20,no-coop,1,18,540,0.462
20-no-coop-geo,20,no-coop,1,19,570,0.4758
20-no-coop-geo,20,no-coop,1,20,600,0.4893
20-no-coop-geo,20,no-coop,1,21,630,0.5069
20-no-coop-geo,20,no-coop,1,22,660,0.5203
20-no-coop-geo,20,no-coop,1,23,690,0.5328
20-no-coop,20,no-coop,0,0,0,0.0291
20-no-coop,20,no-coop,0,1,30,0.0557
20-no-coop,20,no-coop,0,2,60,0.0816
20-no-coop,20,no-coop,0,3,90,0.1083
20-no-coop,20,no-coop,0,4,120,0.1359
20-no-coop,20,no-coop,0,5,150,0.1608
20-no-coop,20,no-coop,0,6,180,0.1896
20-no-coop,20,no-coop,0,7,210,0.2166
20-no-coop,20,no-coop,0,8,240,0.2421
20-no-coop,20,no-coop,0,9,270,0.2679
20-no-coop,20,no-coop,0,10,300,0.2943
20-no-coop,20,no-coop,0,11,330,0.3217
20-no-coop,20,no-coop,0,12,360,0.3479
20-no-coop,20,no-coop,0,13,390,0.3769
20-no-coop,20,no-coop,0,14,420,0.4052
20-no-coop,20,no-coop,0,15,450,0.433
20-no-coop,20,no-coop,0,16,480,0.4604
20-no-coop,20,no-coop,0,17,510,0.4861
20-no-coop,20,no-coop,0,18,540,0.513
20-no-coop,20,no-coop,0,19,570,0.5406
20-no-coop,20,no-coop,0,20,600,0.5678
20-no-coop,20,no-coop,0,21,630,0.5946
20-no-coop,20,no-coop,0,22,660,0.6227
20-no-coop,20,no-coop,0,23,690,0.6505
20-rarest-first-geo,20,rarest-first,1,0,0,0.0201
20-rarest-first-geo,20,rarest-first,1,1,30,0.0578
20-rarest-first-geo,20,rarest-first,1,2,60,0.0999
20-rarest-first-geo,20,rarest-first,1,3,90,0.1567
20-rarest-first-geo,20,rarest-first,1,4,120,0.2104
20-rarest-first-geo,20,rarest-first,1,5,150,0.2573
20-rarest-first-geo,20,rarest-first,1,6,180,0.3418
20-rarest-first-geo,20,rarest-first,1,7,210,0.4153
20-rarest-first-geo,20,rarest-first,1,8,240,0.4564
20-rarest-first-geo,20,rarest-first,1,9,270,0.4977
20-rarest-first-geo,20,rarest-first,1,10,300,0.5252
20-rarest-first-geo,20,rarest-first,1,11,330,0.5408
20-rarest-first-geo,20,rarest-first,1,12,360,0.5681
20-rarest-first-geo,20,rarest-first,1,13,390,0.5909
20-rarest-first-geo,20,rarest-first,1,14,420,0.6094
20-rarest-first-geo,20,rarest-first,1,15,450,0.6154
20-rarest-first-geo,20,rarest-first,1,16,480,0.6166
20-rarest-first-geo,20,rarest-first,1,17,510,0.6173
20-rarest-first-geo,20,rarest-first,1,18,540,0.6173
20-rarest-first-geo,20,rarest-first,1,19,570,0.6173
20-rarest-first-geo,20,rarest-first,1,20,600,0.6173
20-rarest-first-geo,20,rarest-first,1,21,630,0.6173
20-rarest-first-geo,20,rarest-first,1,22,660,0.6173
20-rarest-first-geo,20,rarest-first,1,23,690,0.6173
20-rarest-first,20,rarest-first,0,0,0,0.0244
20-rarest-first,20,rarest-first,0,1,30,0.0695
20-rarest-first,20,rarest-first,0,2,60,0.125
20-rarest-first,20,rarest-first,0,3,90,0.1949
20-rarest-first,20,rarest-first,0,4,120,0.2618
20-rarest-first,20,rarest-first,0,5,150,0.325
20-rarest-first,20,rarest-first,0,6,180,0.4375
20-rarest-first,20,rarest-first,0,7,210,0.5398
20-rarest-first,20,rarest-first,0,8,240,0.6123
20-rarest-first,20,rarest-first,0,9,270,0.6777
20-rarest-first,20,rarest-first,0,10,300,0.751
20-rarest-first,20,rarest-first,0,11,330,0.8078
20-rarest-first,20,rarest-first,0,12,360,0.85
20-rarest-first,20,rarest-first,0,13,390,0.8798
20-rarest-first,20,rarest-first,0,14,420,0.9151
20-rarest-first,20,rarest-first,0,15,450,0.949
20-rarest-first,20,rarest-first,0,16,480,0.9771
20-rarest-first,20,rarest-first,0,17,510,0.9893
20-rarest-first,20,rarest-first,0,18,540,0.9937
20-rarest-first,20,rarest-first,0,19,570,0.9987
20-rarest-first,20,rarest-first,0,20,600,1
20-rarest-first,20,rarest-first,0,21,630,1
20-rarest-first,20,rarest-first,0,22,660,1
20-rarest-first,20,rarest-first,0,23,690,1
20-replication-geo,20,replication,1,0,0,0.0201
20-replication-geo,20,replication,1,1,30,0.0569
20-replication-geo,20,replication,1,2,60,0.0923
20-replication-geo,20,replication,1,3,90,0.1342
20-replication-geo,20,replication,1,4,120,0.169
20-replication-geo,20,replication,1,5,150,0.203
20-replication-geo,20,replication,1,6,180,0.2915
20-replication-geo,20,replication,1,7,210,0.3671
20-replication-geo,20,replication,1,8,240,0.4225
20-replication-geo,20,replication,1,9,270,0.4596
20-replication-geo,20,replication,1,10,300,0.5068
20-replication-geo,20,replication,1,11,330,0.5293
20-replication-geo,20,replication,1,12,360,0.5524
20-replication-geo,20,replication,1,13,390,0.5731
20-replication-geo,20,replication,1,14,420,0.5901
20-replication-geo,20,replication,1,15,450,0.6054
20-replication-geo,20,replication,1,16,480,0.6119
20-replication-geo,20,replication,1,17,510,0.6164
20-replication-geo,20,replication,1,18,540,0.617
20-replication-geo,20,replication,1,19,570,0.6173
20-replication-geo,20,replication,1,20,600,0.6173
20-replication-geo,20,replication,1,21,630,0.6173
20-replication-geo,20,replication,1,22,660,0.6173
20-replication-geo,20,replication,1,23,690,0.6173
20-replication,20,replication,0,0,0,0.0244
20-replication,20,replication,0,1,30,0.0673
20-replication,20,replication,0,2,60,0.1162
20-replication,20,replication,0,3,90,0.1726
20-replication,20,replication,0,4,120,0.2239
20-replication,20,replication,0,5,150,0.2701
20-replication,20,replication,0,6,180,0.3665
20-replication,20,replication,0,7,210,0.473
20-replication,20,replication,0,8,240,0.5597
20-replication,20,replication,0,9,270,0.6275
20-replication,20,replication,0,10,300,0.6916
20-replication,20,replication,0,11,330,0.7526
20-replication,20,replication,0,12,360,0.8146
20-replication,20,replication,0,13,390,0.8497
20-replication,20,replication,0,14,420,0.881
20-replication,20,replication,0,15,450,0.914
20-replication,20,replication,0,16,480,0.9461
20-replication,20,replication,0,17,510,0.9661
20-replication,20,replication,0,18,540,0.9764
20-replication,20,replication,0,19,570,0.9845
20-replication,20,replication,0,20,600,0.9905
20-replication,20,replication,0,21,630,0.9905
20-replication,20,replication,0,22,660,0.9949
20-replication,20,replication,0,23,690,0.9962
50-no-coop-geo,50,no-coop,1,0,0,0.0278
50-no-coop-geo,50,no-coop,1,1,30,0.0553
50-no-coop-geo,50,no-coop,1,2,60,0.0838
50-no-coop-geo,50,no-coop,1,3,90,0.1117
50-no-coop-geo,50,no-coop,1,4,120,0.1391
50-no-coop-geo,50,no-coop,1,5,150,0.1657
50-no-coop-geo,50,no-coop,1,6,180,0.1935
50-no-coop-geo,50,no-coop,1,7,210,0.22
50-no-coop-geo,50,no-coop,1,8,240,0.2493
50-no-coop-geo,50,no-coop,1,9,270,0.2766
50-no-coop-geo,50,no-coop,1,10,300,0.3018
50-no-coop-geo,50,no-coop,1,11,330,0.3257
50-no-coop-geo,50,no-coop,1,12,360,0.3485
50-no-coop-geo,50,no-coop,1,13,390,0.3692
50-no-coop-geo,50,no-coop,1,14,420,0.3894
50-no-coop-geo,50,no-coop,1,15,450,0.4069
50-no-coop-geo,50,no-coop,1,16,480,0.4247
50-no-coop-geo,50,no-coop,1,17,510,0.4426
50-no-coop-geo,50,no-coop,1,18,540,0.4604
50-no-coop-geo,50,no-coop,1,19,570,0.4755
50-no-coop-geo,50,no-coop,1,20,600,0.4894
50-no-coop-geo,50,no-coop,1,21,630,0.5034
50-no-coop-geo,50,no-coop,1,22,660,0.518
50-no-coop-geo,50,no-coop,1,23,690,0.5311
50-no-coop,50,no-coop,0,0,0,0.0276
50-no-coop,50,no-coop,0,1,30,0.0547
50-no-coop,50,no-coop,0,2,60,0.0816
50-no-coop,50,no-coop,0,3,90,0.1085
50-no-coop,50,no-coop,0,4,120,0.1353
50-no-coop,50,no-coop,0,5,150,0.1618
50-no-coop,50,no-coop,0,6,180,0.1886
50-no-coop,50,no-coop,0,7,210,0.2167
50-no-coop,50,no-coop,0,8,240,0.2426
50-no-coop,50,no-coop,0,9,270,0.2685
50-no-coop,50,no-coop,0,10,300,0.2957
50-no-coop,50,no-coop,0,11,330,0.3232
50-no-coop,50,no-coop,0,12,360,0.3502
50-no-coop,50,no-coop,0,13,390,0.3776
50-no-coop,50,no-coop,0,14,420,0.4052
50-no-coop,50,no-coop,0,15,450,0.4313
50-no-coop,50,no-coop,0,16,480,0.4586
50-no-coop,50,no-coop,0,17,510,0.486
50-no-coop,50,no-coop,0,18,540,0.5129
50-no-coop,50,no-coop,0,19,570,0.5403
50-no-coop,50,no-coop,0,20,600,0.5682
50-no-coop,50,no-coop,0,21,630,0.5958
50-no-coop,50,no-coop,0,22,660,0.6228
50-no-coop,50,no-coop,0,23,690,0.6508
50-rarest-first-geo,50,rarest-first,1,0,0,0.0178
50-rarest-first-geo,50,rarest-first,1,1,30,0.0612
50-rarest-first-geo,50,rarest-first,1,2,60,0.1299
50-rarest-first-geo,50,rarest-first,1,3,90,0.2013
50-rarest-first-geo,50,rarest-first,1,4,120,0.284
50-rarest-first-geo,50,rarest-first,1,5,150,0.347
50-rarest-first-geo,50,rarest-first,1,6,180,0.422
50-rarest-first-geo,50,rarest-first,1,7,210,0.4648
50-rarest-first-geo,50,rarest-first,1,8,240,0.5039
50-rarest-first-geo,50,rarest-first,1,9,270,0.5345
50-rarest-first-geo,50,rarest-first,1,10,300,0.5521
50-rarest-first-geo,50,rarest-first,1,11,330,0.5709
50-rarest-first-geo,50,rarest-first,1,12,360,0.5905
50-rarest-first-geo,50,rarest-first,1,13,390,0.6043
50-rarest-first-geo,50,rarest-first,1,14,420,0.6121
50-rarest-first-geo,50,rarest-first,1,15,450,0.6133
50-rarest-first-geo,50,rarest-first,1,16,480,0.6134
50-rarest-first-geo,50,rarest-first,1,17,510,0.6134
50-rarest-first-geo,50,rarest-first,1,18,540,0.6134
50-rarest-first-geo,50,rarest-first,1,19,570,0.6134
50-rarest-first-geo,50,rarest-first,1,20,600,0.6134
50-rarest-first-geo,50,rarest-first,1,21,630,0.6134
50-rarest-first-geo,50,rarest-first,1,22,660,0.6134
50-rarest-first-geo,50,rarest-first,1,23,690,0.6134
50-rarest-first,50,rarest-first,0,0,0,0.0195
50-rarest-first,50,rarest-first,0,1,30,0.0696
50-rarest-first,50,rarest-first,0,2,60,0.1588
50-rarest-first,50,rarest-first,0,3,90,0.2485
50-rarest-first,50,rarest-first,0,4,120,0.3397
50-rarest-first,50,rarest-first,0,5,150,0.4249
50-rarest-first,50,rarest-first,0,6,180,0.541
50-rarest-first,50,rarest-first,0,7,210,0.6184
50-rarest-first,50,rarest-first,0,8,240,0.676
50-rarest-first,50,rarest-first,0,9,270,0.7538
50-rarest-first,50,rarest-first,0,10,300,0.8132
50-rarest-first,50,rarest-first,0,11,330,0.8535
50-rarest-first,50,rarest-first,0,12,360,0.8846
50-rarest-first,50,rarest-first,0,13,390,0.9235
50-rarest-first,50,rarest-first,0,14,420,0.9645
50-rarest-first,50,rarest-first,0,15,450,0.9876
50-rarest-first,50,rarest-first,0,16,480,0.9956
50-rarest-first,50,rarest-first,0,17,510,0.9976
50-rarest-first,50,rarest-first,0,18,540,0.9995
50-rarest-first,50,rarest-first,0,19,570,1
50-rarest-first,50,rarest-first,0,20,600,1
50-rarest-first,50,rarest-first,0,21,630,1
50-rarest-first,50,rarest-first,0,22,660,1
50-rarest-first,50,rarest-first,0,23,690,1
50-replication-geo,50,replication,1,0,0,0.0178
50-replication-geo,50,replication,1,1,30,0.0596
50-replication-geo,50,replication,1,2,60,0.1222
50-replication-geo,50,replication,1,3,90,0.1822
50-replication-geo,50,replication,1,4,120,0.2392
50-replication-geo,50,replication,1,5,150,0.2922
50-replication-geo,50,replication,1,6,180,0.3759
50-replication-geo,50,replication,1,7,210,0.4329
50-replication-geo,50,replication,1,8,240,0.477
50-replication-geo,50,replication,1,9,270,0.5148
50-replication-geo,50,replication,1,10,300,0.538
50-replication-geo,50,replication,1,11,330,0.5567
50-replication-geo,50,replication,1,12,360,0.575
50-replication-geo,50,replication,1,13,390,0.5891
50-replication-geo,50,replication,1,14,420,0.6022
50-replication-geo,50,replication,1,15,450,0.611
50-replication-geo,50,replication,1,16,480,0.613
50-replication-geo,50,replication,1,17,510,0.6134
50-replication-geo,50,replication,1,18,540,0.6134
50-replication-geo,50,replication,1,19,570,0.6134
50-replication-geo,50,replication,1,20,600,0.6134
50-replication-geo,50,replication,1,21,630,0.6134
50-replication-geo,50,replication,1,22,660,0.6134
50-replication-geo,50,replication,1,23,690,0.6134
50-replication,50,replication,0,0,0,0.0195
50-replication,50,replication,0,1,30,0.069
50-replication,50,replication,0,2,60,0.1493
50-replication,50,replication,0,3,90,0.2226
50-replication,50,replication,0,4,120,0.2952
50-replication,50,replication,0,5,150,0.3608
50-replication,50,replication,0,6,180,0.4671
50-replication,50,replication,0,7,210,0.5645
50-replication,50,replication,0,8,240,0.6319
50-replication,50,replication,0,9,270,0.7012
50-replication,50,replication,0,10,300,0.7736
50-replication,50,replication,0,11,330,0.8237
50-replication,50,replication,0,12,360,0.8549
50-replication,50,replication,0,13,390,0.886
50-replication,50,replication,0,14,420,0.9186
50-replication,50,replication,0,15,450,0.9526
50-replication,50,replication,0,16,480,0.9782
50-replication,50,replication,0,17,510,0.9889
50-replication,50,replication,0,18,540,0.9948
50-replication,50,replication,0,19,570,0.998
50-replication,50,replication,0,20,600,0.9991
50-replication,50,replication,0,21,630,1
50-replication,50,replication,0,22,660,1
50-replication,50,replication,0,23,690,1
